id,naslov,lokacija,stevilo_sob,cena,velikost_m2,leto_gradnje,cena_per_m2
7451368,LJ. ŠIŠKA,Šiška,Garsonjera,182000.0,25.0,1966,7280.0
7450882,"RUDNIK, JURČKOVA",Rudnik,5-sobno,689000.0,104.0,2005,6625.0
7450913,ZUPANČIČEVA JAMA,Zupančičeva Jama,1-sobno,325000.0,48.0,1995,6770.83
7450906,"LJ. BEŽIGRAD, POPOLNOMA PRENOVLJENO",Bežigrad,5-sobno,259000.0,34.0,1957,7617.65
7449935,"LJ. BEŽIGRAD, VILHARJEVA CESTA 25 1000 LJ",Bežigrad,2-sobno,450000.0,57.0,1985,7894.74
7449918,"TRNOVO, TRNOVSKI PRISTAN",Trnovo,3-sobno,550000.0,78.0,1986,7051.28
7449993,"SP. ŠIŠKA, UNIKATNO IN SODOBNO STANOVANJE",Sp. Šiška,5-sobno,470000.0,130.0,2004,3615.38
7449991,BRDO,Brdo,3-sobno,489000.0,87.0,2002,5620.69
7449892,LJ. ŠIŠKA,Šiška,3-sobno,425000.0,76.0,1968,5592.11
7449818,"NOVE JARŠE, NASPROTI BTC",Nove Jarše,2-sobno,259000.0,44.0,1972,5886.36
7449774,LJ. CENTER,Center,5-sobno,750000.0,119.0,1909,6302.52
7449682,NOVE JARŠE,Nove Jarše,3-sobno,310000.0,58.0,1967,5344.83
7448860,RUDNIK,Rudnik,5-sobno,419000.0,68.0,2000,6161.76
7448839,"LJ. ŠIŠKA, GALETOV BLOK",Šiška,1-sobno,309000.0,40.0,1939,7725.0
7448832,"LJ. CENTER, BAVARSKI DVOR",Center,Garsonjera,165000.0,18.0,1935,9166.67
7448826,"LJ. ŠIŠKA, GALETOV BLOK",Šiška,3-sobno,349000.0,57.0,1939,6122.81
7448768,LJ. BEŽIGRAD,Bežigrad,2-sobno,290000.0,51.0,1964,5686.27
7448754,"LJ. CENTER, HRADECKEGA CESTA",Center,5-sobno,360000.0,121.0,1910,2975.21
7448752,"LJ. ŠIŠKA, DRAVLJE",Šiška,2-sobno,329000.0,63.0,1986,5222.22
7448737,"BRDO, ZELENI GAJ",Brdo,3-sobno,621000.0,85.0,2015,7305.88
7448682,NOVE JARŠE,Nove Jarše,Garsonjera,186000.0,25.0,1976,7440.0
7448622,LJ. VIČ,Vič,3-sobno,419000.0,72.0,2025,5819.44
7448620,LJ. VIČ,Vič,3-sobno,419000.0,71.0,2025,5901.41
7448617,LJ. VIČ,Vič,3-sobno,419000.0,72.0,2025,5819.44
7448015,LJ. CENTER,Center,2-sobno,360000.0,56.0,1962,6428.57
7448035,"TRNOVO, KONJUŠNICA",Trnovo,2-sobno,340000.0,59.0,1992,5762.71
7448014,"TRNOVO, TRNOVSKA VRATA, PARKING",Trnovo,Garsonjera,339000.0,51.0,2005,6647.06
7447869,LJ. ŠIŠKA,Šiška,Garsonjera,138000.0,21.0,1983,6571.43
7447856,LJ. BEŽIGRAD,Bežigrad,2-sobno,290000.0,51.0,1964,5686.27
7447811,RUDNIK,Rudnik,2-sobno,461900.0,64.0,2025,7217.19
7447803,LJ. CENTER,Center,3-sobno,695000.0,120.0,1930,5791.67
7447802,ZUPANČIČEVA JAMA,Zupančičeva Jama,3-sobno,329000.0,69.0,1968,4768.12
7447799,"LJ. BEŽIGRAD, ZUPANČIČEVA JAMA",Bežigrad,5-sobno,329000.0,69.0,1968,4768.12
7447770,LJ. CENTER,Center,2-sobno,470000.0,67.0,2008,7014.93
7447739,LJ. ŠIŠKA,Šiška,3-sobno,459000.0,82.0,1937,5597.56
7447738,"LJ. BEŽIGRAD, RUSKI CAR, OŠ DANILA KUMAR",Bežigrad,4-sobno,530000.0,144.0,1973,3680.56
7447711,RUDNIK,Rudnik,Neznano,474000.0,145.0,2024,3268.97
7447709,"LJ. VIČ, TRNOVO",Vič,3-sobno,550000.0,78.0,1951,7051.28
7447652,LJ. ŠIŠKA,Šiška,2-sobno,348000.0,41.0,1960,8487.8
7447172,LJ. BEŽIGRAD,Bežigrad,2-sobno,290000.0,47.0,1964,6170.21
7447160,"LJ. ŠIŠKA, KINO SISKA",Šiška,3-sobno,499900.0,90.0,1971,5554.44
7447191,POLJE,Polje,3-sobno,545000.0,110.0,2025,4954.55
7447108,"LJ. BEŽIGRAD, ČERINOVA ULICA",Bežigrad,4-sobno,1388000.0,210.0,2026,6609.52
7447090,"LJ. BEŽIGRAD, ČERINOVA ULICA",Bežigrad,4-sobno,821200.0,161.0,2026,5100.62
7447088,"LJ. BEŽIGRAD, ČERINOVA ULICA",Bežigrad,4-sobno,760300.0,134.0,2026,5673.88
7447084,"LJ. BEŽIGRAD, ČERINOVA ULICA",Bežigrad,3-sobno,590000.0,83.0,2026,7108.43
7447019,LJ. MOSTE,Moste,5-sobno,299000.0,88.0,1961,3397.73
7446994,"LJ. CENTER, HRADECKEGA CESTA",Center,1-sobno,325000.0,53.0,2029,6132.08
7446979,KODELJEVO,Kodeljevo,1-sobno,235000.0,38.0,1936,6184.21
7446869,LJ. VIČ,Vič,1-sobno,178000.0,33.0,1994,5393.94
7446810,"ČRNUČE, LJ.",Črnuče,4-sobno,497000.0,128.0,1980,3882.81
7446561,"KODELJEVO, POVŠETOVA",Kodeljevo,3-sobno,385000.0,80.0,1969,4812.5
7446070,"LJ. MOSTE, POKOPALIŠKA 11",Moste,3-sobno,390000.0,62.0,1960,6290.32
7444260,"POLJE, VEVČE",Polje,3-sobno,350000.0,88.0,1987,3977.27
7446298,"LJ. CENTER, GORNJI TRG",Center,3-sobno,695000.0,121.0,1930,5743.8
7446123,LJ. BEŽIGRAD,Bežigrad,5-sobno,345000.0,62.0,1965,5564.52
7446104,"LJ. ŠIŠKA, DUPLEX, PENTHOUSE, DVIGALO, GARAŽA",Šiška,Neznano,990000.0,299.0,2025,3311.04
7446089,"DRAVLJE, KUNAVERJEVA ULICA",Dravlje,Garsonjera,240000.0,32.0,2022,7500.0
7446073,ŠTEPANJSKO NASELJE,Štepanjsko Naselje,1-sobno,265000.0,42.0,1978,6309.52
7446061,DRAVLJE,Dravlje,Garsonjera,219000.0,32.0,1981,6843.75
7446034,"RUDNIK, LJ.",Rudnik,3-sobno,390000.0,78.0,2010,5000.0
7445966,BROD,Brod,3-sobno,479000.0,91.0,2003,5263.74
7445885,MOSTEC,Mostec,3-sobno,680000.0,103.0,2000,6601.94
7445490,LJ. CENTER,Center,2-sobno,249000.0,60.0,1867,4150.0
7445456,LJ. CENTER,Center,3-sobno,395000.0,98.0,1936,4030.61
7445452,LJ. BEŽIGRAD,Bežigrad,Neznano,510000.0,164.0,2022,3109.76
7445400,KOSEZE,Koseze,5-sobno,460000.0,73.0,1975,6301.37
7445396,"SP. ŠIŠKA, SPODNJA",Sp. Šiška,2-sobno,240000.0,57.0,1928,4210.53
7444906,KOSEZE,Koseze,4-sobno,698000.0,120.0,1974,5816.67
7444847,ZG. ŠIŠKA,Zg. Šiška,3-sobno,375000.0,65.0,1960,5769.23
7444135,STARA LJ.,Stara Lj.,Neznano,595000.0,141.0,1700,4219.86
7444037,STANEŽIČE,Stanežiče,3-sobno,595000.0,248.0,2023,2399.19
7444035,STANEŽIČE,Stanežiče,4-sobno,849000.0,239.0,2023,3552.3
7444010,"LJ. BEŽIGRAD, ZUPANČIČEVA JAMA, ŠTIHOVA ULICA",Bežigrad,2-sobno,430000.0,69.0,1989,6231.88
7443998,LJ. MOSTE,Moste,5-sobno,320000.0,59.0,1935,5423.73
7443988,PRULE,Prule,5-sobno,380000.0,68.0,1962,5588.24
7443980,LJ. ŠIŠKA,Šiška,Neznano,128000.0,17.0,1983,7529.41
7443895,LJ. ŠIŠKA,Šiška,2-sobno,293000.0,51.0,1956,5745.1
7443432,"TRNOVO, KONJUŠNICA",Trnovo,2-sobno,353000.0,59.0,1992,5983.05
7443430,LJ. ŠIŠKA,Šiška,3-sobno,400000.0,74.0,1967,5405.41
7433309,LJ. BEŽIGRAD,Bežigrad,3-sobno,365000.0,76.0,1974,4802.63
7443378,"LJ. ŠIŠKA, BLIZU KINA",Šiška,3-sobno,239300.0,63.0,1898,3798.41
7443365,"KODELJEVO, KLUNOVA ULICA",Kodeljevo,1-sobno,235000.0,51.0,2026,4607.84
7443213,LJ. VIČ,Vič,5-sobno,465000.0,87.0,2002,5344.83
7443198,LJ. BEŽIGRAD,Bežigrad,3-sobno,539000.0,83.0,1937,6493.98
7443183,LJ. BEŽIGRAD,Bežigrad,3-sobno,330000.0,141.0,1925,2340.43
7443157,LJ. ŠIŠKA,Šiška,4-sobno,400000.0,74.0,1968,5405.41
7443155,"LJ. VIČ, NEPOSREDNA BLIŽINA ZD RUDNIK",Vič,3-sobno,376000.0,69.0,1963,5449.28
7443148,LJ. MOSTE,Moste,4-sobno,430000.0,94.0,1986,4574.47
7443140,VRHOVCI,Vrhovci,4-sobno,684000.0,118.0,1937,5796.61
7443109,NOVE FUŽINE,Nove Fužine,5-sobno,420000.0,94.0,1986,4468.09
7443078,"TRNOVO, ZIHERLOVA ULICA",Trnovo,5-sobno,499000.0,74.0,1981,6743.24
7443029,ČRNUČE,Črnuče,4-sobno,435000.0,86.0,1988,5058.14
7443012,"LJ. BEŽIGRAD, BS 3",Bežigrad,3-sobno,370000.0,75.0,1976,4933.33
7443010,LJ. ŠIŠKA,Šiška,3-sobno,540000.0,85.0,1938,6352.94
7443006,LJ. BEŽIGRAD,Bežigrad,3-sobno,465000.0,67.0,1920,6940.3
7442973,LJ. ŠIŠKA,Šiška,1-sobno,195000.0,28.0,1974,6964.29
7441205,ZG. ŠIŠKA,Zg. Šiška,Neznano,545000.0,153.0,1960,3562.09
7441126,LJ. BEŽIGRAD,Bežigrad,2-sobno,315000.0,59.0,1975,5338.98
7441054,LJ. ŠIŠKA,Šiška,4-sobno,549000.0,96.0,1972,5718.75
7441017,ZELENA JAMA,Zelena Jama,Neznano,990000.0,231.0,2004,4285.71
7440973,LJ. ŠIŠKA,Šiška,Garsonjera,290000.0,34.0,2008,8529.41
7440950,LJ. VIČ,Vič,4-sobno,449000.0,78.0,1959,5756.41
7440939,"LJ. ŠIŠKA, KOSEZE - TERASASTI BLOKI",Šiška,2-sobno,325000.0,54.0,1978,6018.52
7440933,LJ. VIČ,Vič,2-sobno,300000.0,54.0,1978,5555.56
7440901,"POLJE, LJ. MOSTE",Polje,4-sobno,595000.0,148.0,2023,4020.27
7440887,LJ. ŠIŠKA,Šiška,2-sobno,293000.0,51.0,1956,5745.1
7440868,LJ. ŠIŠKA,Šiška,5-sobno,485000.0,75.0,1944,6466.67
7440864,"KOSEZE, LJ, ŠIŠKA",Koseze,3-sobno,459000.0,101.0,1975,4544.55
7440112,LJ. BEŽIGRAD,Bežigrad,5-sobno,299000.0,46.0,1963,6500.0
7440194,"LJ. CENTER, HRADECKEGA CESTA",Center,3-sobno,499653.0,85.0,2029,5878.27
7440181,LJ. BEŽIGRAD,Bežigrad,5-sobno,349000.0,60.0,1976,5816.67
7440178,VRHOVCI,Vrhovci,1-sobno,240000.0,44.0,2005,5454.55
7440053,STARA LJ.,Stara Lj.,Neznano,1100000.0,349.0,1560,3151.86
7440000,"KOSEZE, LEDARSKA ULICA",Koseze,4-sobno,995000.0,100.0,2008,9950.0
7439993,LJ. CENTER,Center,5-sobno,329000.0,71.0,1800,4633.8
7439990,"LJ. CENTER, POLJANE",Center,Neznano,2856.0,216.0,1908,13.22
7439850,LJ. BEŽIGRAD,Bežigrad,5-sobno,379500.0,87.0,2002,4362.07
7439838,BRDO,Brdo,4-sobno,1160000.0,201.0,2011,5771.14
7439837,"KOSEZE, LEDARSKA",Koseze,4-sobno,995000.0,100.0,2008,9950.0
7438973,LJ. CENTER,Center,Garsonjera,185000.0,25.0,2021,7400.0
7438928,"BS 3, BEŽIGRAD",Bs 3,2-sobno,305000.0,58.0,1978,5258.62
7438805,"LJ. MOSTE, POLJE, LASTNIŠKA GARAŽA",Moste,5-sobno,269000.0,63.0,1955,4269.84
7438785,LJ. CENTER,Center,3-sobno,695000.0,121.0,1930,5743.8
7438775,KODELJEVO,Kodeljevo,3-sobno,390000.0,67.0,1964,5820.9
7438758,LJ. CENTER,Center,1-sobno,219000.0,31.0,1896,7064.52
7438304,LJ. ŠIŠKA,Šiška,1-sobno,234999.0,33.0,1965,7121.18
7437726,ZALOG,Zalog,4-sobno,575000.0,154.0,2024,3733.77
7438268,BS 3,Bs 3,2-sobno,315000.0,60.0,1975,5250.0
7438229,"LJ. BEŽIGRAD, ZUPANOVA ULICA",Bežigrad,5-sobno,269900.0,53.0,1930,5092.45
7438174,"BRINJE, VEDNO ZASEDENO Z NAJEMNIKOM",Brinje,3-sobno,379500.0,87.0,2002,4362.07
7438167,BRINJE,Brinje,3-sobno,395000.0,74.0,1965,5337.84
7437670,"LJ. BEŽIGRAD, V BLIŽINI FAKULTET",Bežigrad,3-sobno,379500.0,87.0,1945,4362.07
7437536,"ČRNUČE, CESTA V PEČALE",Črnuče,2-sobno,295000.0,45.0,1980,6555.56
7437194,LJ. ŠIŠKA,Šiška,Garsonjera,198000.0,29.0,1969,6827.59
7437065,"LJ. CENTER, PEŠ CONA",Center,3-sobno,874000.0,155.0,2026,5638.71
7437058,"LJ. CENTER, PEŠ CONA",Center,2-sobno,825000.0,103.0,2026,8009.71
7437054,"LJ. CENTER, PEŠ CONA V CENTRU",Center,2-sobno,795000.0,93.0,2006,8548.39
7437043,LJ. ŠIŠKA,Šiška,5-sobno,270000.0,48.0,1974,5625.0
7436986,LJ. ŠIŠKA,Šiška,3-sobno,375000.0,58.0,1962,6465.52
7436962,SP. ŠIŠKA,Sp. Šiška,5-sobno,470000.0,130.0,1925,3615.38
7436374,"ŠENTVID, PRUŠNIKOVA ULICA V ŠENTVIDU",Šentvid,Garsonjera,205000.0,30.0,2011,6833.33
7436371,LJ. BEŽIGRAD,Bežigrad,Neznano,510000.0,164.0,2026,3109.76
7436366,PODUTIK,Podutik,Neznano,990000.0,299.0,2025,3311.04
7436363,LJ. BEŽIGRAD,Bežigrad,Neznano,510000.0,160.0,2026,3187.5
7436333,"LJ. ŠIŠKA, PODUTIK",Šiška,Neznano,990000.0,299.0,2025,3311.04
7436252,RUDNIK,Rudnik,2-sobno,348000.0,58.0,2005,6000.0
7436216,LJ. BEŽIGRAD,Bežigrad,Neznano,510000.0,169.0,2022,3017.75
7436143,"LJ. CENTER, NA ODLIČNI LOKACIJI",Center,3-sobno,398000.0,54.0,1962,7370.37
7435984,STOŽICE,Stožice,2-sobno,259000.0,38.0,1984,6815.79
7434996,"ŠENTVID, HAFNERJEVA ULICA",Šentvid,3-sobno,350000.0,73.0,1985,4794.52
7434973,LJ. BEŽIGRAD,Bežigrad,3-sobno,549000.0,87.0,2028,6310.34
7434947,TRNOVO,Trnovo,2-sobno,187000.0,54.0,1895,3462.96
7434195,RUDNIK,Rudnik,Neznano,495000.0,143.0,2024,3461.54
7434170,TRNOVO,Trnovo,3-sobno,490000.0,82.0,1995,5975.61
7434151,"TABOR, SVETLO Z RAZGLEDOM NA GRAD",Tabor,4-sobno,420000.0,74.0,1962,5675.68
7434143,"SAVSKO NASELJE, LINHARTOVA, Z GARAŽO",Savsko Naselje,3-sobno,389000.0,77.0,1963,5051.95
7434141,"SAVSKO NASELJE, LINHARTOVA",Savsko Naselje,3-sobno,359000.0,77.0,1963,4662.34
7434134,"LJ. BEŽIGRAD, VELIKA TERASA",Bežigrad,2-sobno,349000.0,47.0,2003,7425.53
7434123,GUNCLJE,Gunclje,Neznano,469000.0,116.0,2001,4043.1
7434104,DRAVLJE,Dravlje,3-sobno,320000.0,74.0,1973,4324.32
7434098,TRNOVO,Trnovo,2-sobno,455000.0,64.0,1981,7109.38
7434084,SP. ŠIŠKA,Sp. Šiška,3-sobno,430000.0,70.0,1968,6142.86
7434051,FUŽINE,Fužine,4-sobno,415000.0,90.0,1980,4611.11
7434028,LJ. CENTER,Center,3-sobno,275000.0,84.0,1895,3273.81
7434017,LJ. CENTER,Center,4-sobno,599000.0,122.0,1624,4909.84
7434010,STOŽICE,Stožice,Garsonjera,179000.0,26.0,1984,6884.62
7433999,ZG. ŠIŠKA,Zg. Šiška,5-sobno,475000.0,70.0,1944,6785.71
7433980,PODUTIK,Podutik,Neznano,990000.0,299.0,2025,3311.04
7433969,ZG. KAŠELJ,Zg. Kašelj,2-sobno,285000.0,53.0,2006,5377.36
7433965,LJ. BEŽIGRAD,Bežigrad,1-sobno,260000.0,38.0,1988,6842.11
7433952,RUDNIK,Rudnik,3-sobno,315000.0,60.0,1935,5250.0
7433490,NOVE JARŠE,Nove Jarše,1-sobno,249000.0,35.0,1974,7114.29
7433311,LJ. CENTER,Center,2-sobno,764925.0,71.0,1876,10773.59
7433248,"TABOR, CENTER",Tabor,Garsonjera,169000.0,25.0,2024,6760.0
7433212,"ROŽNA DOLINA, GRBINA",Rožna Dolina,4-sobno,670000.0,109.0,1996,6146.79
7433198,POLJE,Polje,5-sobno,699000.0,217.0,1999,3221.2
7433188,"LJ. CENTER, PRULE",Center,Neznano,82000.0,13.0,1965,6307.69
7433186,ZALOG,Zalog,5-sobno,319000.0,58.0,1975,5500.0
7433176,"LJ. CENTER, PRULE",Center,Neznano,58000.0,9.0,1965,6444.44
7433168,LJ. ŠIŠKA,Šiška,2-sobno,321000.0,69.0,1895,4652.17
7433090,VEVČE,Vevče,1-sobno,157000.0,39.0,1900,4025.64
7433088,VEVČE,Vevče,5-sobno,157000.0,39.0,1900,4025.64
7278447,RUDNIK,Rudnik,2-sobno,449900.0,64.0,2025,7029.69
7432906,LJ. VIČ,Vič,5-sobno,375000.0,69.0,1967,5434.78
7432861,BS 3,Bs 3,3-sobno,390000.0,75.0,1981,5200.0
7432090,SPODNJE GAMELJNE,Spodnje Gameljne,4-sobno,819000.0,205.0,2021,3995.12
7431960,ZG. ŠIŠKA,Zg. Šiška,3-sobno,890000.0,108.0,2020,8240.74
7431881,ČRNUČE,Črnuče,2-sobno,320000.0,49.0,2020,6530.61
7431880,BS 3,Bs 3,4-sobno,447000.0,99.0,1978,4515.15
7431663,LJ. CENTER,Center,3-sobno,947100.0,103.0,1876,9195.15
7431549,KODELJEVO,Kodeljevo,5-sobno,235000.0,39.0,1934,6025.64
7431434,RUDNIK,Rudnik,4-sobno,725000.0,157.0,2026,4617.83
7430943,LJ. BEŽIGRAD,Bežigrad,1-sobno,125000.0,25.0,1973,5000.0
7430887,"LJ. ŠIŠKA, ŠENTVID",Šiška,Garsonjera,205000.0,30.0,2011,6833.33
7376962,ZG. KAŠELJ,Zg. Kašelj,4-sobno,350000.0,84.0,1975,4166.67
7430863,"LJ. VIČ, POSTOJNSKA ULICA",Vič,2-sobno,250000.0,46.0,1913,5434.78
7430840,"LJ. CENTER, REZIDENCA VODMAT",Center,5-sobno,585000.0,117.0,2027,5000.0
7430837,"LJ. CENTER, REZIDENCA VODMAT",Center,2-sobno,444000.0,100.0,2027,4440.0
7430772,"LJ. ŠIŠKA, ČESNIKOVA",Šiška,3-sobno,330000.0,77.0,1949,4285.71
7430739,LJ. BEŽIGRAD,Bežigrad,2-sobno,419000.0,90.0,2026,4655.56
7430735,DOLGI MOST,Dolgi Most,4-sobno,499000.0,88.0,2002,5670.45
7430680,LJ. CENTER,Center,Neznano,1488375.0,134.0,1876,11107.28
7430623,RUDNIK,Rudnik,5-sobno,750000.0,157.0,2026,4777.07
7430622,"LJ. ŠIŠKA, ČESNIKOVA",Šiška,2-sobno,330000.0,77.0,1949,4285.71
7430548,LJ. CENTER,Center,Garsonjera,211000.0,24.0,1980,8791.67
7430545,"LJ. BEŽIGRAD, LINHARTOVA CESTA",Bežigrad,3-sobno,395000.0,81.0,1961,4876.54
7429998,"LJ. BEŽIGRAD, BRINJE",Bežigrad,5-sobno,339000.0,72.0,1963,4708.33
7429955,LJ. CENTER,Center,3-sobno,590000.0,83.0,1983,7108.43
7429941,LJ. BEŽIGRAD,Bežigrad,2-sobno,479000.0,74.0,2028,6472.97
7429822,KOSEZE,Koseze,4-sobno,698000.0,120.0,1974,5816.67
7429771,LJ. ŠIŠKA,Šiška,2-sobno,299000.0,55.0,1960,5436.36
7429364,"ŠENTVID, PRUŠNIKOVA ULICA",Šentvid,1-sobno,220000.0,34.0,1973,6470.59
7429290,"BRINJE, MERKATORJEVI BLOKI",Brinje,2-sobno,350000.0,65.0,1985,5384.62
7425921,LJ. BEŽIGRAD,Bežigrad,3-sobno,769000.0,269.0,2023,2858.74
7429321,LJ. ŠIŠKA,Šiška,Garsonjera,299000.0,26.0,2023,11500.0
7429181,"LJ. CENTER, LJ - - STRELIŠKA",Center,Garsonjera,220000.0,28.0,1980,7857.14
7429172,LJ. BEŽIGRAD,Bežigrad,4-sobno,790000.0,98.0,1966,8061.22
7429151,STANEŽIČE,Stanežiče,4-sobno,949000.0,239.0,2023,3970.71
7429128,LJ. CENTER,Center,2-sobno,1410896.0,155.0,2023,9102.55
7429114,"ČRNUČE, BEŽIGRAD",Črnuče,3-sobno,549000.0,75.0,2016,7320.0
7428980,ZG. ŠIŠKA,Zg. Šiška,3-sobno,450000.0,169.0,2009,2662.72
7428812,"LJ. CENTER, VRTAČA",Center,3-sobno,685000.0,106.0,1931,6462.26
7428524,PRULE,Prule,2-sobno,310000.0,50.0,1968,6200.0
7428467,LJ. BEŽIGRAD,Bežigrad,4-sobno,590000.0,100.0,2011,5900.0
7428443,LJ. CENTER,Center,2-sobno,175000.0,35.0,1800,5000.0
7426962,"LJ. ŠIŠKA, KINO - ŠIṢ̌KA",Šiška,5-sobno,430000.0,80.0,1949,5375.0
7427061,RUDNIK,Rudnik,4-sobno,543000.0,102.0,2007,5323.53
7426847,NOVE JARŠE,Nove Jarše,3-sobno,260000.0,61.0,1939,4262.3
7426768,LJ. CENTER,Center,5-sobno,449000.0,137.0,1874,3277.37
7426750,TRNOVO,Trnovo,2-sobno,610000.0,102.0,1986,5980.39
7426745,RUDNIK,Rudnik,3-sobno,315000.0,64.0,1935,4921.88
7426700,LJ. BEŽIGRAD,Bežigrad,4-sobno,790000.0,98.0,1966,8061.22
7426122,ROŽNA DOLINA,Rožna Dolina,5-sobno,350000.0,75.0,1932,4666.67
7426062,ZG. ŠIŠKA,Zg. Šiška,5-sobno,400000.0,74.0,1968,5405.41
7425909,LJ. ŠIŠKA,Šiška,3-sobno,400000.0,74.0,1968,5405.41
7425876,"LJ. ŠIŠKA, FUNKCIONALNO STANOVANJE",Šiška,2-sobno,248000.0,44.0,1839,5636.36
7425873,LJ. ŠIŠKA,Šiška,5-sobno,498000.0,111.0,1935,4486.49
7425872,KOSEZE,Koseze,Neznano,740000.0,126.0,2001,5873.02
7425871,SP. ŠIŠKA,Sp. Šiška,3-sobno,368000.0,87.0,1840,4229.89
7425860,NOVE JARŠE,Nove Jarše,4-sobno,1050000.0,231.0,2004,4545.45
7425800,LJ. CENTER,Center,2-sobno,448000.0,54.0,1933,8296.3
7425799,LJ. CENTER,Center,4-sobno,650000.0,103.0,1896,6310.68
7425796,LJ. CENTER,Center,3-sobno,368000.0,85.0,1929,4329.41
7425785,LJ. BEŽIGRAD,Bežigrad,2-sobno,395000.0,67.0,1972,5895.52
7425257,LJ. BEŽIGRAD,Bežigrad,Neznano,1250000.0,205.0,1997,6097.56
7425154,LJ. ŠIŠKA,Šiška,Garsonjera,197000.0,31.0,1929,6354.84
7424480,LJ. BEŽIGRAD,Bežigrad,Garsonjera,180000.0,22.0,1960,8181.82
7424248,TRNOVO,Trnovo,5-sobno,499000.0,74.0,1981,6743.24
7422861,STARA LJ.,Stara Lj.,2-sobno,630000.0,68.0,1876,9264.71
